REGIÓN,MUNICIPIO,CATEGORÍA,INGRESOS EJECUTADOS 2024 PROYECTADOS 2025,GASTOS EJECUTADOS 2024 PROYECTADOS 2025,AHORRO OPERACIONAL,DEUDA IDEA Incluye por desembolsar,DEUDAS CON OTROS BANCOS  Incluye por desembolsar,SALDO TOTAL DEUDA PROYECTADA,INDICADOR DE CAPACIDAD  LEY 358 DE 1997,CAPACIDAD MAXIMA DE ENDEUDAMIENTO AL 100%,CAPACIDAD MAXIMA DE ENDEUDAMIENTO AL 80%,CAPACIDAD MAXIMA DE ENDEUDAMIENTO AL 60%,Deuda del IDEA sobre el total,INDICADOR LEY 617,LÍMITE 617,SEMÁFORO,SUMATORIA DE PROYECTOS SIF,SUMATORIA DE PROYECTOS SED,SUMA TOTAL,SUMA TOTAL 2,APORTE GOB,APORTE GOB2,APORTE TOTAL IDEA + GOB,SOBRANTE O FALTANTE,ESP,0.5
Valle de Aburrá,Medellín,ESP,3643253573623.1133,1227432033091.78,2415821540531.333,180986901342.0,2084001890354.0,2264988791696.0,0.6216939737860553,1378264781927.1133,1102611825541.6907,826958869156.268,0.07990631212195928,0.3194963192668216,0.5,Cumple,0.0,0,0.0,3115536915.0,165391773831.2536,623107383.0,827581976539.268,992350642987.5215,,
Oriente,Abejorral,6,15030770872.282,4409672661.82,10621098210.462,1969764886.0,0.0,1969764886.0,0.1310488266195589,13061005986.282,10448804789.0256,7836603591.769199,1.0,0.39507659260977307,0.8,Cumple,5202752628.0,0,5202752628.0,15692752628.0,1567320718.3538399,1567320718.3538399,9403924310.12304,4201171682.1230392,,
Occidente,Abriaquí,6,4751801726.2775,1263292997.68,3488508728.5975,691012966.0,0.0,691012966.0,0.14542125404321754,4060788760.2775,3248631008.222,2436473256.1665,1.0,0.4944466971029567,0.8,Cumple,0.0,0,0.0,3775907233.0,487294651.23330003,487294651.23330003,2923767907.3998003,2923767907.3998003,,
Oriente,Alejandría,6,8362831920.76,2199279418.08,6163552502.68,284104325.0,209000000.0,493104325.0,0.05896379715296102,7869727595.76,6295782076.608001,4721836557.456,0.576154599739112,0.6130892850296299,0.8,Cumple,13522526574.0,0,13522526574.0,10357301258.0,944367311.4912001,944367311.4912001,5666203868.947201,-7856322705.052799,,
Suroeste,Amagá,6,25390387392.328503,8357833556.33,17032553835.998503,4689987006.0,6272045606.0,10962032612.0,0.431739478512726,14428354780.328503,11542683824.262802,8657012868.197102,0.4278391765470511,0.4634762673958971,0.8,Cumple,5581655075.0,0,5581655075.0,1856672323.0,1731402573.6394205,1731402573.6394205,10388415441.836521,4806760366.836521,,
Nordeste,Amalfi,6,15844230778.251999,8497967637.51,7346263140.741999,0.0,7918633450.0,7918633450.0,0.49978023930762366,7925597328.251999,6340477862.6016,4755358396.9512,0.0,0.7845912731058802,0.8,Riesgo,0.0,0,0.0,690000000.0,951071679.39024,951071679.39024,5706430076.341439,5706430076.341439,,
Suroeste,Andes,6,27843076411.63,11739999040.630001,16103077371.0,13999483044.0,1243354438.68,15242837482.68,0.5474552185732283,12600238928.95,10080191143.160002,7560143357.37,0.9184302502671967,0.46026317160648733,0.8,Cumple,38982049507.0,0,38982049507.0,29228989249.0,1512028671.474,1512028671.474,9072172028.844,-29909877478.156,,
Suroeste,Angelópolis,5,7630980393.457999,2836641555.84,4794338837.617999,46770446.019999996,1700000000.0,1746770446.02,0.22890511519561726,5884209947.438,4707367957.9504,3530525968.4627995,0.02677538203521019,0.7580768893854527,0.8,Riesgo,12311013166.0,0,12311013166.0,9858281136.0,706105193.69256,706105193.69256,4236631162.1553593,-8074382003.844641,,
Norte,Angostura,6,12764062914.553999,4266060462.2200003,8498002452.333999,4258957687.0,500000000.0,4758957687.0,0.37284035019708983,8005105227.553999,6404084182.0432,4803063136.532399,0.8949349767563924,0.6413295780713895,0.8,Cumple,14762715060.0,0,14762715060.0,17833615127.0,960612627.3064799,960612627.3064799,5763675763.838879,-8999039296.161121,,
Nordeste,Anorí,6,16148449667.859503,5168319228.77,10980130439.089502,943947740.0,680000000.0,1623947740.0,0.10056369332049052,14524501927.859503,11619601542.287603,8714701156.715702,0.5812673134419953,0.6409058278258218,0.8,Cumple,4225553380.0,0,4225553380.0,1185000000.0,1742940231.3431406,1742940231.3431406,10457641388.058842,6232088008.058842,,
Occidente,Anzá,6,7049911897.946,2502449802.4500003,4547462095.496,1083993787.0,0.0,1083993787.0,0.15375990546999926,5965918110.946,4772734488.756801,3579550866.5676,1.0,0.6897218979511048,0.8,Cumple,7164927563.0,0,7164927563.0,14285863057.0,715910173.31352,715910173.31352,4295461039.88112,-2869466523.1188803,,
Urabá,Apartadó,3,77784648137.44801,31716114442.57,46068533694.87801,43139212620.0,17341932907.4,60481145527.4,0.7775460450824158,17303502610.04801,13842802088.03841,10382101566.028807,0.7132671222382267,0.5732829157951359,0.7,Cumple,25925363137.0,0,25925363137.0,15499391717.0,2076420313.2057614,2076420313.2057614,12458521879.234568,-13466841257.765432,,
Urabá,Arboletes,6,19782037469.424,6224691780.34,13557345689.084,5530076291.0,135075758.0,5665152049.0,0.2863785925871545,14116885420.424,11293508336.339201,8470131252.254399,0.9761567285693871,0.6312149087641853,0.8,Cumple,38704534727.0,0,38704534727.0,35918600732.0,1694026250.45088,1694026250.45088,10164157502.70528,-28540377224.29472,,
Oriente,Argelia,6,7397887197.341,2145550795.75,5252336401.591,913988424.0,0.0,913988424.0,0.12354722363548773,6483898773.341,5187119018.6728,3890339264.0045996,1.0,0.5593647624915785,0.8,Cumple,62280961705.0,0,62280961705.0,19500591871.0,778067852.80092,778067852.80092,4668407116.805519,-57612554588.19448,,
Occidente,Armenia,6,4667939777.701,2029602941.79,2638336835.9110003,355713183.0,0.0,355713183.0,0.07620346447039891,4312226594.701,3449781275.7608004,2587335956.8206,1.0,0.6563728175736439,0.8,Cumple,0.0,0,0.0,0.0,517467191.36412,517467191.36412,3104803148.18472,3104803148.18472,,
Valle de Aburrá,Barbosa,4,56592203197.5365,24375972647.86,32216230549.6765,0.0,15044963334.42,15044963334.42,0.26584869442006315,41547239863.1165,33237791890.493202,24928343917.8699,0.0,0.603852082619701,0.8,Cumple,61271443896.0,0,61271443896.0,59747098443.0,4985668783.57398,4985668783.57398,29914012701.44388,-31357431194.55612,,
Valle de Aburrá,Bello,1,350208571302.3325,156892691916.83002,193315879385.5025,0.0,193961595760.0,193961595760.0,0.553845941116485,156246975542.33252,124997580433.86603,93748185325.3995,0.0,0.48074932217286026,0.65,Cumple,0.0,0,0.0,0.0,18749637065.079903,18749637065.079903,112497822390.4794,112497822390.4794,,
Norte,Belmira,6,10160021082.964,3265249234.64,6894771848.324001,3316718973.96,0.0,3316718973.96,0.3264480404987908,6843302109.004001,5474641687.203201,4105981265.4024,1.0,0.5953420841767527,0.8,Cumple,6843253569.0,0,6843253569.0,4926828729.0,821196253.0804801,821196253.0804801,4927177518.48288,-1916076050.5171204,,
Suroeste,Betania,6,9197355968.883501,3350398615.7000003,5846957353.1835,958841544.0,680000000.0,1638841544.0,0.17818616019044273,7558514424.883501,6046811539.906801,4535108654.9301,0.5850727591757949,0.5368731263150787,0.8,Cumple,8406704380.0,0,8406704380.0,13464707674.0,907021730.9860201,907021730.9860201,5442130385.916121,-2964573994.0838795,,
Suroeste,Betulia,6,12058979368.9545,3567680920.52,8491298448.4345,914830553.0,0.0,914830553.0,0.07586301667910679,11144148815.9545,8915319052.763601,6686489289.5727,1.0,0.6020697675856418,0.8,Cumple,126398173.0,0,126398173.0,5308118820.0,1337297857.91454,1337297857.91454,8023787147.48724,7897388974.48724,,
Norte,Briceño,6,15936675551.977,6355203503.67,9581472048.307,166905356.59,5064590198.0,5231495554.59,0.3282676827753461,10705179997.387,8564143997.909599,6423107998.4321995,0.031903946939907245,0.6519215787894977,0.8,Cumple,8906384242.0,0,8906384242.0,10827048287.0,1284621599.68644,1284621599.68644,7707729598.118639,-1198654643.881361,,
Occidente,Buriticá,6,22970429632.738503,4753029850.64,18217399782.098503,1226974981.0,868957450.0,2095932431.0,0.09124480754216202,20874497201.738503,16699597761.390802,12524698321.0431,0.5854076986702249,0.4051634680171635,0.8,Cumple,1653035345.0,0,1653035345.0,641109696.0,2504939664.20862,2504939664.20862,15029637985.25172,13376602640.25172,,
Bajo Cauca,Cáceres,6,16341381522.362501,6183321664.51,10158059857.8525,3504148016.0,5476192157.0,8980340173.0,0.5495459585660354,7361041349.362501,5888833079.490002,4416624809.6175,0.3902021469671559,0.6661172152696142,0.8,Cumple,326608232183.0,0,326608232183.0,16732984687.04,883324961.9235001,883324961.9235001,5299949771.541,-321308282411.459,,
Occidente,Caicedo,6,8536446221.1045,2840287960.81,5696158260.2945,1059912604.0,559890374.0,1619802978.0,0.18975144176453554,6916643243.1045,5533314594.483601,4149985945.8626995,0.6543466201727158,0.6273074473628479,0.8,Cumple,12936503231.0,0,12936503231.0,9495599061.0,829997189.17254,829997189.17254,4979983135.035239,-7956520095.964761,,
Valle de Aburrá,Caldas,3,60283861588.90301,20841388380.53,39442473208.37301,0.0,16534829375.0,16534829375.0,0.27428285015576565,43749032213.90301,34999225771.122406,26249419328.341805,0.0,0.4420537273234892,0.7,Cumple,0.0,0,0.0,18111001552.002,5249883865.668362,5249883865.668362,31499303194.010166,31499303194.010166,,
Norte,Campamento,6,8809287720.75,2669441983.38,6139845737.37,3083047525.0,0.0,3083047525.0,0.3499769360169697,5726240195.75,4580992156.6,3435744117.45,1.0,0.7223000382950645,0.8,Cumple,6202802054.0,0,6202802054.0,6912802054.0,687148823.49,687148823.49,4122892940.9399996,-2079909113.0600004,,
Occidente,Cañasgordas,6,17304408242.457,4260885029.46,13043523212.997002,3210633884.0,0.0,3210633884.0,0.1855384962614666,14093774358.457,11275019486.765602,8456264615.0742,1.0,0.3794626866525494,0.8,Cumple,155525665337.0,0,155525665337.0,11129386585.369999,1691252923.0148401,1691252923.0148401,10147517538.089039,-145378147798.91095,,
Magdalena medio,Caracolí,6,6287173903.299001,2101889048.3700001,4185284854.929001,1389004859.0,1150000000.0,2539004859.0,0.4038388150306667,3748169044.2990007,2998535235.439201,2248901426.5794005,0.5470666407259522,0.5833393396108878,0.8,Cumple,3919830466.0,0,3919830466.0,33534848283.0,449780285.3158801,449780285.3158801,2698681711.895281,-1221148754.1047192,,
Suroeste,Caramanta,6,4632250570.375501,2678094476.75,1954156093.6255007,1940610936.67,0.0,1940610936.67,0.4189347936143035,2691639633.7055006,2153311706.964401,1614983780.2233002,1.0,0.7645974481123147,0.8,Riesgo,13760850614.0,0,13760850614.0,4178212674.0,322996756.0446601,322996756.0446601,1937980536.2679603,-11822870077.73204,,
Urabá,Carepa,6,31551501799.776,12896901947.81,18654599851.966003,4320802475.0,2118562934.45,6439365409.45,0.20409061509381832,25112136390.326,20089709112.2608,15067281834.1956,0.6709981807615806,0.6010329635298705,0.8,Cumple,7789949678.0,0,7789949678.0,25397588527.0,3013456366.8391204,3013456366.8391204,18080738201.03472,10290788523.034721,,
Norte,Carolina del Príncipe,6,12753516160.956001,2768667331.05,9984848829.906002,1244778755.0,0.0,1244778755.0,0.09760278963779441,11508737405.956001,9206989924.764801,6905242443.573601,1.0,0.7839967136976107,0.8,Riesgo,1807500000.0,0,1807500000.0,1159350792.0,1381048488.7147202,1381048488.7147202,8286290932.288321,6478790932.288321,,
Bajo Cauca,Caucasia,5,55415011363.6435,24252117123.4,31162894240.2435,8970758412.0,3572173854.98,12542932266.98,0.22634538834019124,42872079096.6635,34297663277.3308,25723247457.998096,0.7152042457899613,0.6705201082614528,0.8,Cumple,27318769996.0,0,27318769996.0,45714250889.0,5144649491.59962,5144649491.59962,30867896949.597717,3549126953.5977173,,
Urabá,Chigorodó,6,31480625713.6015,12012746210.970001,19467879502.6315,990257688.0,4241046406.6,5231304094.6,0.16617535312647125,26249321619.001503,20999457295.201202,15749592971.400902,0.1892946137507454,0.5712872387742854,0.8,Cumple,178476615139.93,0,178476615139.93,9457153474.0,3149918594.2801805,3149918594.2801805,18899511565.681084,-159577103574.2489,,
Nordeste,Cisneros,6,11769915072.3085,4043512144.38,7726402927.9285,3010151420.0,,3010151420.0,0.255749629585866,8759763652.3085,7007810921.846801,5255858191.3851,1.0,0.523200016046979,0.8,Cumple,17825415932.0,0,17825415932.0,28529658513.0,1051171638.2770201,1051171638.2770201,6307029829.662121,-11518386102.33788,,
Suroeste,Ciudad Bolívar,6,18608617574.017002,7376218347.08,11232399226.937002,2665498102.3,2057047588.0,4722545690.3,0.2537827257460563,13886071883.717003,11108857506.973602,8331643130.230202,0.5644197594053715,0.573068360901107,0.8,Cumple,41542157580.0,0,41542157580.0,41502157579.5,1666328626.0460405,1666328626.0460405,9997971756.276241,-31544185823.72376,,
Oriente,Cocorná,6,12327690626.8465,4723680091.28,7604010535.566501,445297438.0,33508702.0,478806140.0,0.0388398893591055,11848884486.8465,9479107589.477201,7109330692.1079,0.9300161397261948,0.6399604582233731,0.8,Cumple,3721767433.0,0,3721767433.0,7854253010.0,1421866138.42158,1421866138.42158,8531196830.52948,4809429397.52948,,
Oriente,Concepción,6,8725724060.946,1935290211.05,6790433849.895999,661232494.0,,661232494.0,0.07577967047565706,8064491566.945999,6451593253.5568,4838694940.1676,1.0,0.5340223941108386,0.8,Cumple,0.0,0,0.0,3532000000.0,967738988.03352,967738988.03352,5806433928.201119,5806433928.201119,,
Suroeste,Concordia,6,15768761995.465,6120714378.32,9648047617.145,0.0,1826140917.0,1826140917.0,0.11580750077432755,13942621078.465,11154096862.772001,8365572647.0789995,0.0,0.5974261729394936,0.8,Cumple,2381561537.0,0,2381561537.0,3539527465.0,1673114529.4158,1673114529.4158,10038687176.4948,7657125639.494801,,
Valle de Aburrá,Copacabana,3,71418896570.32901,21915816653.91,49503079916.41901,5163365590.0,10000000000.0,15163365590.0,0.21231587602404406,56255530980.32901,45004424784.263214,33753318588.197403,0.34051580167698114,0.39338076792135007,0.7,Cumple,1957555874.0,0,1957555874.0,5661013100.0,6750663717.639481,6750663717.639481,40503982305.83688,38546426431.83688,,
Occidente,Dabeiba,6,24612921465.534,6692367651.66,17920553813.874,830923107.0,8409573820.0,9240496927.0,0.375432755511761,15372424538.534,12297939630.827202,9223454723.1204,0.0899219071835962,0.4925469674830018,0.8,Cumple,998600000.0,0,998600000.0,2956948227.0,1844690944.62408,1844690944.62408,11068145667.74448,10069545667.74448,,
Norte,Donmatías,6,24529039369.5395,8973012363.67,15556027005.869501,7973050390.0,1625381984.0,9598432374.0,0.3913089391474281,14930606995.539501,11944485596.431602,8958364197.3237,0.8306617246788345,0.5302434371724646,0.8,Cumple,18914172612.0,0,18914172612.0,26195466118.0,1791672839.46474,1791672839.46474,10750037036.78844,-8164135575.211559,,
Occidente,Ebéjico,6,9001864307.653,3627307640.09,5374556667.563,556835774.0,,556835774.0,0.06185782799754069,8445028533.653,6756022826.9224,5067017120.1918,1.0,0.5515773022097438,0.8,Cumple,2341347501.0,0,2341347501.0,10106720109.0,1013403424.0383601,1013403424.0383601,6080420544.23016,3739073043.2301598,,
Bajo Cauca,El Bagre,6,50634494381.026505,15839182742.69,34795311638.3365,67652077.0,17477834894.65,17545486971.65,0.3465125343134572,33089007409.376503,26471205927.501205,19853404445.6259,0.003855810734082914,0.4059499269587427,0.8,Cumple,33716358643.0,0,33716358643.0,50596358643.0,3970680889.1251802,3970680889.1251802,23824085334.75108,-9892273308.24892,,
Oriente,El Carmen de Viboral,3,70430942311.2085,29041990033.87,41388952277.3385,14609948257.0,2802411494.09375,17412359751.09375,0.24722599442379914,53018582560.114746,42414866048.0918,31811149536.068848,0.8390561914551692,0.4578283787591081,0.7,Cumple,9179538218.0,0,9179538218.0,2747763151.0,6362229907.21377,6362229907.21377,38173379443.282616,28993841225.282616,,
Oriente,El Peñol,6,28258567441.100002,6469994311.25,21788573129.850002,1548230438.0,3356151670.0,4904382108.0,0.17355381224551877,23354185333.100002,18683348266.480003,14012511199.86,0.31568307768567533,0.29902452385532635,0.8,Cumple,10630653156.0,0,10630653156.0,6368687169.0,2802502239.972,2802502239.972,16815013439.832,6184360283.832001,,
Oriente,El Retiro,3,69187005609.695,24929217109.21,44257788500.48501,0.0,0.0,0.0,0.0,69187005609.695,55349604487.75601,41512203365.817,0.0,0.36680132048521774,0.7,Cumple,40747836018.0,0,40747836018.0,33235199986.0,8302440673.163401,8302440673.163401,49814644038.9804,9066808020.9804,1.0,0.65
Oriente,El Santuario,6,28148489568.3155,9574117926.69,18574371641.625496,7165025466.0,0.0,7165025466.0,0.2545438698801479,20983464102.3155,16786771281.8524,12590078461.3893,1.0,0.38693852418292884,0.8,Cumple,19224747481.0,0,19224747481.0,14112540970.0,2518015692.27786,2518015692.27786,15108094153.66716,-4116653327.33284,,
Norte,Entrerríos,6,18940820544.593998,5983055403.62,12957765140.973999,528703455.0,4617666038.0,5146369493.0,0.2717078429038204,13794451051.593998,11035560841.2752,8276670630.956398,0.10273328716858224,0.44981176046067123,0.8,Cumple,47338443569.0,0,47338443569.0,43061071859.0,1655334126.1912796,1655334126.1912796,9932004757.147678,-37406438811.852325,,
Valle de Aburrá,Envigado,1,529100951775.10547,139843828606.55002,389257123168.5554,36309816121.0,162755467295.0,199065283416.0,0.37623308510057785,330035668359.10547,264028534687.2844,198021401015.4633,0.18240154937072053,0.24492606689818583,0.65,Cumple,18376102798.0,0,18376102798.0,18376102798.0,39604280203.09266,39604280203.09266,237625681218.55594,219249578420.55594,,
Suroeste,Fredonia,6,17515986067.274,8346764868.360001,9169221198.913998,0.0,6328650461.0,6328650461.0,0.3613071189194502,11187335606.273998,8949868485.0192,6712401363.764399,0.0,0.6737631327774092,0.8,Cumple,4773919420.0,0,4773919420.0,3839624374.0,1342480272.7528799,1342480272.7528799,8054881636.517279,3280962216.5172787,,
Occidente,Frontino,6,15502017167.017002,4560047682.8,10941969484.217003,1591148139.0,1671853559.0,3263001698.0,0.2104888456027873,12239015469.017002,9791212375.213602,7343409281.410201,0.4876332549796914,0.42560105953702715,0.8,Cumple,18933645714.0,0,18933645714.0,30462924638.0,1468681856.2820404,1468681856.2820404,8812091137.692242,-10121554576.307758,,
Occidente,Giraldo,6,10996307821.845001,3830082733.78,7166225088.065001,1182597765.4299998,,1182597765.4299998,0.10754498551601833,9813710056.415,7850968045.132001,5888226033.849,1.0,0.5388575104675091,0.8,Cumple,1321492788936.0,0,1321492788936.0,1299729169.532,1177645206.7698,1177645206.7698,7065871240.6188,-1314426917695.381,,
Valle de Aburrá,Girardota,2,101079829717.107,35923834396.69,65155995320.41699,0.0,33364035579.0,33364035579.0,0.330076096016151,67715794138.106995,54172635310.485596,40629476482.8642,0.0,0.3932146507732363,0.7,Cumple,86960315826.0,0,86960315826.0,38976961410.6,8125895296.57284,8125895296.57284,48755371779.437035,-38204944046.562965,,
Norte,Gómez Plata,6,12229746381.692001,3376878617.9,8852867763.792002,1494526177.51,880381975.0,2374908152.51,0.19419112043609105,9854838229.182001,7883870583.345601,5912902937.5092,0.6292985166312477,0.5600857997738885,0.8,Cumple,21986394919.0,0,21986394919.0,22106365371.0,1182580587.50184,1182580587.50184,7095483525.01104,-14890911393.98896,,
Oriente,Granada,6,9100976268.0305,3221460794.17,5879515473.8605,1026722956.0,190000000.0,1216722956.0,0.13369147662477152,7884253312.0305,6307402649.624401,4730551987.2183,0.8438428410814006,0.6586460193248068,0.8,Cumple,42731627602.0,0,42731627602.0,36177523123.0,946110397.44366,946110397.44366,5676662384.66196,-37054965217.33804,,
Norte,Guadalupe,6,11862742976.215,2605805535.61,9256937440.605,0.0,1067141839.0,1067141839.0,0.08995742731167972,10795601137.215,8636480909.772001,6477360682.3289995,0.0,0.6191985487955178,0.8,Cumple,7140645529.0,0,7140645529.0,0.0,1295472136.4658,1295472136.4658,7772832818.7948,632187289.7947998,,
Oriente,Guarne,2,94297942873.1825,31502477356.16,62795465517.02249,12269275368.0,1587282296.68,13856557664.68,0.14694443211041333,80441385208.5025,64353108166.802,48264831125.1015,0.8854490173467873,0.3261371750069825,0.7,Cumple,75556018392.0,0,75556018392.0,35185479908.0,9652966225.0203,9652966225.0203,57917797350.1218,-17638221041.878197,,
Oriente,Guatapé,6,21077944175.9025,7240492267.29,13837451908.6125,6499961675.0,4615945782.07,11115907457.07,0.5273715199311674,9962036718.8325,7969629375.066001,5977222031.2995,0.5847441335854104,0.5695693104945567,0.8,Cumple,0.0,0,0.0,872000000.0,1195444406.2599,1195444406.2599,7172666437.559401,7172666437.559401,,
Occidente,Heliconia,6,5355567645.8095,2449508849.96,2906058795.8494997,2066524240.57,,2066524240.57,0.3858646510023948,3289043405.2395,2631234724.1916003,1973426043.1437,1.0,0.7564739610803434,0.8,Riesgo,9800000000.0,0,9800000000.0,1700000000.0,394685208.62874,394685208.62874,2368111251.77244,-7431888748.22756,,
Suroeste,Hispania,6,6274381972.284,2404546434.03,3869835538.254,1292225834.0,0.0,1292225834.0,0.20595268820230975,4982156138.284,3985724910.6272006,2989293682.9704003,1.0,0.7549654827076085,0.8,Riesgo,6525380287.0,0,6525380287.0,7209392511.0,597858736.5940801,597858736.5940801,3587152419.5644803,-2938227867.4355197,,
Valle de Aburrá,Itagüí,1,496324008336.15204,127705776357.14,368618231979.012,0.0,236675802584.0,236675802584.0,0.47685745321371475,259648205752.15204,207718564601.72165,155788923451.29123,0.0,0.28197093170184273,0.65,Cumple,0.0,0,0.0,0.0,31157784690.258247,31157784690.258247,186946708141.54947,186946708141.54947,,
Norte,Ituango,6,18426107981.286503,4869802105.27,13556305876.016502,951343820.03,9684082914.0,10635426734.03,0.5771933359356901,7790681247.256502,6232544997.8052025,4674408748.353901,0.08945046059938533,0.561728858813949,0.8,Cumple,23242283024.0,0,23242283024.0,4897965285.0,934881749.6707802,934881749.6707802,5609290498.024681,-17632992525.97532,,
Suroeste,Jardín,6,14419744847.987999,4888479181.79,9531265666.197998,0.0,0.0,0.0,0.0,14419744847.987999,11535795878.3904,8651846908.792799,0.0,0.45738888558733654,0.8,Cumple,2590043038.0,0,2590043038.0,1876659659.0,1730369381.75856,1730369381.75856,10382216290.55136,7792173252.551359,2.0,0.7
Suroeste,Jericó,6,15694425323.1185,6655963089.610001,9038462233.5085,1446596000.0,1500000000.0,2946596000.0,0.1877479384772088,12747829323.1185,10198263458.4948,7648697593.871099,0.49093801797056674,0.65417145296341,0.8,Cumple,427803841.0,0,427803841.0,200000000.0,1529739518.77422,1529739518.77422,9178437112.645319,8750633271.645319,,
Oriente,La Ceja,2,102691614388.099,29123622287.32,73567992100.77899,5166195556.0,27283390599.0,32449586155.0,0.3159906127521217,70242028233.099,56193622586.4792,42145216939.8594,0.15920682412783146,0.2897718766009698,0.7,Cumple,4964511075.0,0,4964511075.0,16962843267.0,8429043387.97188,8429043387.97188,50574260327.831276,45609749252.831276,,
Valle de Aburrá,La Estrella,2,135715406802.28,53533842887.35,82181563914.93,47892509000.0,560209933.0,48452718933.0,0.357017085050553,87262687869.28,69810150295.424,52357612721.568,0.9884380083236474,0.43677543312268075,0.7,Cumple,0.0,0,0.0,0.0,10471522544.3136,10471522544.3136,62829135265.8816,62829135265.8816,,
Suroeste,La Pintada,6,10783113038.2925,5750561650.92,5032551387.372499,4104930290.0,0.0,4104930290.0,0.3806813742397728,6678182748.2925,5342546198.634,4006909648.9754996,1.0,0.6829525248720959,0.8,Cumple,1263024676.0,0,1263024676.0,2663872885.0,801381929.7951,801381929.7951,4808291578.770599,3545266902.7705994,,
Oriente,La Unión,6,22781121123.308,7460247261.18,15320873862.127998,8372353142.56,142113074.0,8514466216.56,0.37375097434729027,14266654906.747997,11413323925.3984,8559992944.048798,0.9833092209910234,0.47573857187041646,0.8,Cumple,20237405685.0,0,20237405685.0,16742938966.900002,1711998588.8097596,1711998588.8097596,10271991532.858557,-9965414152.141443,,
Occidente,Liborina,6,8030428413.921001,3080588699.4500003,4949839714.471001,1577607418.01,1800000000.0,3377607418.01,0.42060114901900014,4652820995.911001,3722256796.7288013,2791692597.546601,0.4670783850123961,0.7359070111456691,0.8,Cumple,7930464369.0,0,7930464369.0,3480700238.0,558338519.5093201,558338519.5093201,3350031117.055921,-4580433251.944078,,
Magdalena medio,Maceo,6,12443958135.7445,4756407219.61,7687550916.1345,8000000000.0,0.0,8000000000.0,0.6428822656531201,4443958135.744499,3555166508.5955997,2666374881.4466996,1.0,0.49448054880206244,0.8,Cumple,13427488873.0,0,13427488873.0,13697488873.0,533274976.28933996,533274976.28933996,3199649857.7360396,-10227839015.26396,,
Oriente,Marinilla,4,62016835956.01949,25368005936.31,36648830019.70949,25635932166.0,7522176280.0,33158108446.0,0.5346630142420479,28858727510.019493,23086982008.015594,17315236506.011696,0.7731421775083968,0.527772867033876,0.8,Cumple,1535038858562.0,0,1535038858562.0,25220802131.83,3463047301.202339,3463047301.202339,20778283807.214035,-1514260574754.786,,
Suroeste,Montebello,6,6527267076.03,2852468155.77,3674798920.2599998,1320825426.0,0.0,1320825426.0,0.2023550454753798,5206441650.03,4165153320.024,3123864990.0179996,1.0,0.6392648500766731,0.8,Cumple,0.0,0,0.0,3792057314.0,624772998.0036,624772998.0036,3748637988.0216,3748637988.0216,,
Urabá,Murindó,6,17114409570.042,5233556503.57,11880853066.472,690572471.0,,690572471.0,0.04035035320229895,16423837099.042,13139069679.2336,9854302259.4252,1.0,0.615634696454021,0.8,Cumple,10307716743.0,0,10307716743.0,10972830155.0,1970860451.88504,1970860451.88504,11825162711.31024,1517445968.3102398,,
Urabá,Mutatá,6,16247454785.101002,6889489895.2300005,9357964889.871002,3366685790.0,1396955129.74,4763640919.74,0.2931930559430319,11483813865.361002,9187051092.288801,6890288319.216601,0.7067463410285245,0.708208052664443,0.8,Cumple,4413498128.0,0,4413498128.0,0.0,1378057663.8433204,1378057663.8433204,8268345983.059921,3854847855.0599213,,
Oriente,Nariño,6,8540444993.864,2695571158.31,5844873835.554001,0.0,0.0,0.0,0.0,8540444993.864,6832355995.091201,5124266996.3184,0.0,0.5440476470891791,0.8,Cumple,1762477865.0,0,1762477865.0,585000000.0,1024853399.2636801,1024853399.2636801,6149120395.582081,4386642530.582081,3.0,0.7
Bajo Cauca,Nechí,6,17207529181.433002,3556882387.13,13650646794.303001,2981910160.0,5898924731.0,8880834891.0,0.5161016899847806,8326694290.433002,6661355432.346402,4996016574.259801,0.3357691249301259,0.4660349331673028,0.8,Cumple,10214426441.0,0,10214426441.0,11974426441.0,999203314.8519602,999203314.8519602,5995219889.111761,-4219206551.888239,,
Urabá,Necoclí,6,30137297790.128,12298726691.53,17838571098.598,2369107602.0,13974896585.0,16344004187.0,0.5423181700236498,13793293603.127998,11034634882.5024,8275976161.876799,0.1449527040554961,0.5805598575916593,0.8,Cumple,58496605644.0,0,58496605644.0,4689392819.1,1655195232.3753598,1655195232.3753598,9931171394.25216,-48565434249.74784,,
Occidente,Olaya,6,4127448900.775,1679484660.96,2447964239.815,2175868693.0,0.0,2175868693.0,0.52717035275505,1951580207.775,1561264166.2200003,1170948124.665,1.0,0.8958630223880957,0.8,Incumple,6597876107.0,0,6597876107.0,4992876107.0,234189624.933,234189624.933,1405137749.598,-5192738357.402,,
Occidente,Peque,6,13002660545.619,2851909764.96,10150750780.659,3580400217.0,0.0,3580400217.0,0.27535904705336234,9422260328.619,7537808262.8952,5653356197.171399,1.0,0.6054631408377459,0.8,Cumple,6849322450.0,0,6849322450.0,7026071357.0,1130671239.43428,1130671239.43428,6784027436.605679,-65295013.39432144,,
Suroeste,Pueblorrico,6,7408957946.443999,2726179218.2000003,4682778728.2439995,1117539497.0,0.0,1117539497.0,0.15083625863153588,6291418449.443999,5033134759.5552,3774851069.6663995,1.0,0.7849537359678113,0.8,Riesgo,9049965874.0,0,9049965874.0,12296485272.0,754970213.93328,754970213.93328,4529821283.59968,-4520144590.40032,,
Magdalena medio,Puerto Berrío,6,35232058774.253,11428900078.82,23803158695.433,1114894120.0,0.0,1114894120.0,0.03164430801911429,34117164654.253,27293731723.4024,20470298792.5518,1.0,0.4551352196654089,0.8,Cumple,0.0,0,0.0,1150000000.0,4094059758.5103602,4094059758.5103602,24564358551.06216,24564358551.06216,,
Magdalena medio,Puerto Nare,6,17406090503.82,8490973725.33,8915116778.49,6695063584.0,,6695063584.0,0.3846391343610835,10711026919.82,8568821535.856,6426616151.891999,1.0,0.7591338423220026,0.8,Riesgo,3028646346.0,0,3028646346.0,5802450839.0,1285323230.3783998,1285323230.3783998,7711939382.270399,4683293036.270399,,
Magdalena medio,Puerto Triunfo,6,22896432570.9105,6514105665.99,16382326904.9205,15087488121.0,152370595.0,15239858716.0,0.665599702870829,7656573854.9105,6125259083.9284,4593944312.9463,0.9900018367729335,0.5398792514926959,0.8,Cumple,10636775675.0,0,10636775675.0,19276878117.0,918788862.58926,918788862.58926,5512733175.53556,-5124042499.46444,,
Nordeste,Remedios,6,31836256303.883995,12586903103.25,19249353200.633995,0.0,0.0,0.0,0.0,31836256303.883995,25469005043.107197,19101753782.330395,0.0,1.3391267531682534,0.8,Incumple,2836114851.0,0,2836114851.0,0.0,3820350756.466079,3820350756.466079,22922104538.796474,20085989687.796474,4.0,0.8
Oriente,Rionegro,1,501236439904.31354,112502020079.39,388734419824.9235,85394840514.0,114109886446.23999,199504726960.24,0.39802518547599136,301731712944.07355,241385370355.25885,181039027766.44412,0.4280341714961904,0.23207277402530038,0.65,Cumple,17775978694.0,0,17775978694.0,10173458813.0,36207805553.288826,36207805553.288826,217246833319.73294,199470854625.73294,,
Occidente,Sabanalarga,6,14810352113.535,3480047239.2000003,11330304874.335,2077277075.0,0.0,2077277075.0,0.1402584529439784,12733075038.535,10186460030.828001,7639845023.120999,1.0,0.710638237786581,0.8,Cumple,2452519742.0,0,2452519742.0,0.0,1527969004.6241999,1527969004.6241999,9167814027.7452,6715294285.745199,,
Valle de Aburrá,Sabaneta,1,277583995965.57904,130145150133.79001,147438845831.78903,5311889964.0,73866541452.0,79178431416.0,0.2852413416003215,198405564549.57904,158724451639.66324,119043338729.74742,0.06708758773069858,0.44877725222713505,0.65,Cumple,16755097970.0,0,16755097970.0,16755097970.0,23808667745.949486,23808667745.949486,142852006475.6969,126096908505.6969,,
Suroeste,Salgar,6,13308978307.0145,4910718349.54,8398259957.4745,0.0,3987177539.0,3987177539.0,0.2995855464651676,9321800768.0145,7457440614.4116,5593080460.8087,0.0,0.6534858312555151,0.8,Cumple,556920000.0,0,556920000.0,4527154699.0,1118616092.16174,1118616092.16174,6711696552.97044,6154776552.97044,,
Norte,San Andrés de Cuerquia,6,8997781405.987,3426460056.4700003,5571321349.516999,1950193992.0,0.0,1950193992.0,0.21674165041421964,7047587413.9869995,5638069931.1896,4228552448.3921995,1.0,0.74479628788818,0.8,Cumple,5204826004.0,0,5204826004.0,0.0,845710489.67844,845710489.67844,5074262938.07064,-130563065.92936039,,
Oriente,San Carlos,6,29325876885.033,5835926728.400001,23489950156.633,5787068508.0,,5787068508.0,0.19733658879791371,23538808377.033,18831046701.6264,14123285026.2198,1.0,0.6759531206368515,0.8,Cumple,3107176951.0,0,3107176951.0,2371629272.0,2824657005.2439604,2824657005.2439604,16947942031.46376,13840765080.46376,,
Oriente,San Francisco,6,7763487077.335,2329929022.36,5433558054.975,1217107364.44,,1217107364.44,0.15677328400446064,6546379712.895,5237103770.316001,3927827827.737,1.0,0.6814176199759063,0.8,Cumple,15065598322.89,0,15065598322.89,35186710847.0,785565565.5474,785565565.5474,4713393393.2844,-10352204929.605598,,
Occidente,San Jerónimo,6,21865753958.964,8371779870.66,13493974088.304,851002641.0,4636492005.0,5487494646.0,0.2509629741694943,16378259312.964,13102607450.3712,9826955587.7784,0.15508035923466848,0.4347933312109075,0.8,Cumple,16255113551.17,0,16255113551.17,5605000000.0,1965391117.5556803,1965391117.5556803,11792346705.33408,-4462766845.83592,,
Norte,San José de la Montaña,6,5437802568.3275,2195257843.85,3242544724.4775004,1389038990.0,0.0,1389038990.0,0.25544123247329026,4048763578.3275003,3239010862.6620007,2429258146.9965,1.0,0.7423058033965034,0.8,Cumple,17071046483.0,0,17071046483.0,25316601863.0,485851629.39930004,485851629.39930004,2915109776.3958,-14155936706.6042,,
Urabá,San Juan de Urabá,6,21558400486.167,4028552935.26,17529847550.906998,573337825.0,3454671378.0,4028009203.0,0.18684174670493675,17530391283.167,14024313026.5336,10518234769.9002,0.14233776441548016,0.4520218542026642,0.8,Cumple,7167659240.0,0,7167659240.0,3416500000.0,2103646953.98004,2103646953.98004,12621881723.88024,5454222483.8802395,,
Oriente,San Luis,6,10860999220.161499,3903981787.4,6957017432.761499,1425530293.0,,1425530293.0,0.13125222312453153,9435468927.161499,7548375141.729199,5661281356.296899,1.0,0.6327012411442702,0.8,Cumple,79012268809.0,0,79012268809.0,81035011470.0,1132256271.2593799,1132256271.2593799,6793537627.556278,-72218731181.44373,,
Norte,San Pedro de los Milagros,6,31632055796.696003,14204097707.720001,17427958088.976,6063106860.0,5275762021.0,11338868881.0,0.3584613328288437,20293186915.696003,16234549532.556803,12175912149.4176,0.5347188439721406,0.5820888488089841,0.8,Cumple,12676134640.0,0,12676134640.0,9952000000.0,2435182429.88352,2435182429.88352,14611094579.30112,1934959939.3011208,,
Urabá,San Pedro de Urabá,6,19508372714.52,5389834315.5,14118538399.02,2594281047.0,1833333333.0,4427614380.0,0.22695969801235882,15080758334.52,12064606667.616001,9048455000.712,0.5859320221559132,0.5885111290050002,0.8,Cumple,23206989888.0,0,23206989888.0,22469924902.0,1809691000.1424,1809691000.1424,10858146000.8544,-12348843887.1456,,
Oriente,San Rafael,6,17565923370.843998,4463335582.51,13102587788.333998,2561424191.0,,2561424191.0,0.14581779374328047,15004499179.843998,12003599343.875198,9002699507.906399,1.0,0.6447170925956305,0.8,Cumple,6997272963.0,0,6997272963.0,12615822993.0,1800539901.5812798,1800539901.5812798,10803239409.487679,3805966446.4876785,,
Nordeste,San Roque,6,13645854382.4415,5036095672.22,8609758710.2215,2357809963.0,1093248488.0,3451058451.0,0.2529016032473989,10194795931.4415,8155836745.1532,6116877558.8649,0.6832135695403208,0.5881514393311754,0.8,Cumple,11024919313.0,0,11024919313.0,14445293239.0,1223375511.77298,1223375511.77298,7340253070.637879,-3684666242.3621206,,
Oriente,San Vicente Ferrer,6,18910688140.249004,5456011434.400001,13454676705.849003,5580933878.0,4737487939.0,10318421817.0,0.5456396795544709,8592266323.249004,6873813058.599204,5155359793.949403,0.5408708789948086,0.45745893515208286,0.8,Cumple,8052135543.0,0,8052135543.0,2063000000.0,1031071958.7898806,1031071958.7898806,6186431752.739284,-1865703790.2607164,,
Suroeste,Santa Bárbara,6,12109127304.486,6485076277.83,5624051026.656,3662325591.0,0.0,3662325591.0,0.3024433965314114,8446801713.486,6757441370.7888,5068081028.091599,1.0,0.5525326229358355,0.8,Cumple,800000000.0,0,800000000.0,0.0,1013616205.61832,1013616205.61832,6081697233.709919,5281697233.709919,,
Occidente,Santa Fe de Antioquia,5,40656193467.687004,18778286398.54,21877907069.147003,5492975516.0,2014055909.0,7507031425.0,0.18464668688096655,33149162042.687004,26519329634.149605,19889497225.6122,0.7317107395750645,0.5339190612528684,0.8,Cumple,58261085849.0,0,58261085849.0,45278863481.0,3977899445.1224403,3977899445.1224403,23867396670.734642,-34393689178.26536,,
Norte,Santa Rosa de Osos,5,37911059539.454,12962308085.960001,24948751453.494003,8258858552.88,2659839682.12,10918698235.0,0.28800825847763295,26992361304.454002,21593889043.5632,16195416782.672401,0.7563958976726862,0.5258420833636753,0.8,Cumple,0.0,0,0.0,3182118631.0,3239083356.5344806,3239083356.5344806,19434500139.206882,19434500139.206882,,
Nordeste,Santo Domingo,6,13758623676.126001,4170961872.38,9587661803.746002,5765015946.0,0.0,5765015946.0,0.41901109309381507,7993607730.126001,6394886184.100801,4796164638.075601,1.0,0.6166068463920674,0.8,Cumple,17994094753.0,0,17994094753.0,18383180000.0,959232927.6151202,959232927.6151202,5755397565.690721,-12238697187.30928,,
Nordeste,Segovia,2,84858168955.2875,27841707067.83,57016461887.457504,2326219324.0,20000000000.0,22326219324.0,0.2631004132997953,62531949631.287506,50025559705.03001,37519169778.7725,0.10419226337615459,0.2980278616790937,0.7,Cumple,0.0,0,0.0,7618024161.0,7503833955.7545,7503833955.7545,45023003734.527,45023003734.527,,
Oriente,Sonsón,5,35695767669.0165,13532488388.23,22163279280.786503,1067761948.0,4932032890.0,5999794838.0,0.16808140655867587,29695972831.016502,23756778264.8132,17817583698.6099,0.17796640999076777,0.4016729815979605,0.8,Cumple,67938338703.0,0,67938338703.0,31834065392.0,3563516739.7219806,3563516739.7219806,21381100438.331882,-46557238264.66812,,
Occidente,Sopetrán,6,16347842057.745998,7901643157.33,8446198900.415998,1620905965.85,2416666620.0,4037572585.85,0.24697893285168493,12310269471.895998,9848215577.516798,7386161683.137599,0.40145556058375176,0.5852153455768756,0.8,Cumple,20809613049.0,0,20809613049.0,34896745587.0,1477232336.6275198,1477232336.6275198,8863394019.76512,-11946219029.23488,,
Suroeste,Támesis,6,13939577899.6405,5408645166.360001,8530932733.2804985,2408239973.0,812109375.0,3220349348.0,0.23102201309001277,10719228551.6405,8575382841.3124,6431537130.9843,0.7478194794287268,0.48148969869574604,0.8,Cumple,18490016345.0,0,18490016345.0,18913885007.0,1286307426.19686,1286307426.19686,7717844557.18116,-10772171787.81884,,
Bajo Cauca,Tarazá,6,12386294028.284,5371610026.9800005,7014684001.304,1476389847.0,1615533927.08,3091923774.08,0.24962460660304184,9294370254.204,7435496203.363201,5576622152.5224,0.477498785505894,0.8895352950250267,0.8,Incumple,7222313981.0,0,7222313981.0,5480000000.0,1115324430.5044801,1115324430.5044801,6691946583.02688,-530367397.97311974,,
Suroeste,Tarso,6,9297204605.9125,4650900904.13,4646303701.7825,1308996768.0,0.0,1308996768.0,0.14079466070560084,7988207837.9125,6390566270.330001,4792924702.7475,1.0,0.6726767122039181,0.8,Cumple,6969298165.0,0,6969298165.0,7883311834.0,958584940.5495001,958584940.5495001,5751509643.297001,-1217788521.702999,,
Suroeste,Titiribí,6,11592686445.107998,5670743725.99,5921942719.117998,1149558272.38,1133660976.0,2283219248.38,0.19695342052001213,9309467196.727997,7447573757.382398,5585680318.036798,0.5034813337333416,0.6920378853960096,0.8,Cumple,16459689295.0,0,16459689295.0,24743364568.5,1117136063.6073596,1117136063.6073596,6702816381.644157,-9756872913.355843,,
Norte,Toledo,6,11658945302.2845,3873327651.4900002,7785617650.7945,358053435.0,0.0,358053435.0,0.03071061967585023,11300891867.2845,9040713493.8276,6780535120.3707,1.0,0.7333746491394951,0.8,Cumple,7958989235.0,0,7958989235.0,0.0,1356107024.07414,1356107024.07414,8136642144.4448395,177652909.44483948,,
Urabá,Turbo,5,57277943756.6295,34159399600.96,23118544155.669502,3450000000.0,21452083665.0,24902083665.0,0.434758687756101,32375860091.6295,25900688073.303604,19425516054.9777,0.13854262343712995,0.8701515266536545,0.8,Incumple,137363480275.7,0,137363480275.7,60816954225.0,3885103210.99554,3885103210.99554,23310619265.97324,-114052861009.72676,,
Occidente,Uramita,6,9683475507.1875,3083007311.46,6600468195.7275,178661475.0,2978048806.0,3156710281.0,0.3259893907571668,6526765226.1875,5221412180.950001,3916059135.7124996,0.056597362157480804,0.645070071807987,0.8,Cumple,1958822896.0,0,1958822896.0,3658822896.0,783211827.1424999,783211827.1424999,4699270962.855,2740448066.8549995,,
Suroeste,Urrao,6,16589184003.816,7984390195.2300005,8604793808.585999,1709535383.0,1454838487.0,3164373870.0,0.1907492176391618,13424810133.816,10739848107.052801,8054886080.289599,0.5402444379936685,0.5237039492036278,0.8,Cumple,17054308039.0,0,17054308039.0,24528700909.0,1610977216.05792,1610977216.05792,9665863296.347519,-7388444742.652481,,
Norte,Valdivia,6,13037566833.207003,3869989518.31,9167577314.897003,3761583922.0,0.0,3761583922.0,0.28851886016178674,9275982911.207003,7420786328.965603,5565589746.724201,1.0,0.5577653456906478,0.8,Cumple,7301880983.280001,0,7301880983.280001,9921581372.0,1113117949.3448403,1113117949.3448403,6678707696.069041,-623173287.2109594,,
Suroeste,Valparaíso,6,6485715716.868001,3717110032.76,2768605684.1080008,598561755.2,823222224.0,1421783979.2,0.21921774577665112,5063931737.668001,4051145390.1344013,3038359042.6008005,0.4209934588915503,0.6859833734364879,0.8,Cumple,5347367173.0,0,5347367173.0,6589802341.6,607671808.5201601,607671808.5201601,3646030851.1209607,-1701336321.8790393,,
Nordeste,Vegachí,6,14438255937.0725,4668200945.84,9770054991.2325,2534414723.0,,2534414723.0,0.17553468604836753,11903841214.0725,9523072971.258001,7142304728.4435,1.0,0.5148707777903756,0.8,Cumple,7470010822.0,0,7470010822.0,10436333367.0,1428460945.6887,1428460945.6887,8570765674.132199,1100754852.1321993,,
Suroeste,Venecia,6,12522207884.799,6810462569.46,5711745315.339,0.0,0.0,0.0,0.0,12522207884.799,10017766307.839201,7513324730.879399,0.0,0.6876749314599607,0.8,Cumple,39502442672.0,0,39502442672.0,7478151095.2,1502664946.17588,1502664946.17588,9015989677.055279,-30486452994.94472,5.0,0.8
Urabá,Vigía del Fuerte,6,18943215673.273502,6022595389.7,12920620283.573502,4570267145.0,,4570267145.0,0.24126142170508424,14372948528.273502,11498358822.618803,8623769116.964102,1.0,0.6353275280518219,0.8,Cumple,24400375441.0,0,24400375441.0,11571440470.0,1724753823.3928204,1724753823.3928204,10348522940.356922,-14051852500.643078,,
Nordeste,Yalí,6,8242883516.8785,3016955550.77,5225927966.1085,1780602025.0,0.0,1780602025.0,0.2160168855175448,6462281491.8785,5169825193.5028,3877368895.1271,1.0,0.6498826528141698,0.8,Cumple,2673121142.0,0,2673121142.0,4358750000.0,775473779.0254201,775473779.0254201,4652842674.15252,1979721532.1525202,,
Norte,Yarumal,5,36204719778.619,11082623753.61,25122096025.009003,1291156679.0,12320355879.07,13611512558.07,0.3759596163511364,22593207220.549004,18074565776.439205,13555924332.329401,0.09485769296333628,0.39053077044629697,0.8,Cumple,208678936704.0,0,208678936704.0,12087781213.0,2711184866.4658804,2711184866.4658804,16267109198.79528,-192411827505.2047,,
Nordeste,Yolombó,6,18632663202.9925,4332293517.33,14300369685.6625,3970281006.0,1500000000.0,5470281006.0,0.2935855677958825,13162382196.9925,10529905757.594002,7897429318.195499,0.72579105198531,0.4468307755740106,0.8,Cumple,7365756344.0,0,7365756344.0,20687979830.0,1579485863.6391,1579485863.6391,9476915181.834599,2111158837.8345985,,
Magdalena medio,Yondó,6,30235702409.8505,8068276995.08,22167425414.7705,0.0,0.0,0.0,0.0,30235702409.8505,24188561927.8804,18141421445.910297,0.0,0.48110149713114325,0.8,Cumple,8421048083.0,0,8421048083.0,0.0,3628284289.18206,3628284289.18206,21769705735.092358,13348657652.092358,6.0,0.8
Bajo Cauca,Zaragoza,6,26491016162.216,7986352410.12,18504663752.096,6804069561.0,,6804069561.0,0.25684441545525194,19686946601.216,15749557280.972801,11812167960.729599,1.0,0.5414054034707012,0.8,Cumple,29891207190.0,0,29891207190.0,23556827376.0,2362433592.14592,2362433592.14592,14174601552.875519,-15716605637.124481,,
